,cross_references,organism,pref_name,score,species_group_flag,target_chembl_id,target_components,target_type,tax_id
0,[],Dengue virus,Dengue virus,24.0,False,CHEMBL613757,[],ORGANISM,12637
1,[],dengue virus type 4,dengue virus type 4,18.0,False,CHEMBL613728,[],ORGANISM,11070
2,[],dengue virus type 1,dengue virus type 1,18.0,False,CHEMBL613360,[],ORGANISM,11053
3,[],dengue virus type 2,dengue virus type 2,18.0,False,CHEMBL613966,[],ORGANISM,11060
4,[],dengue virus type 3,dengue virus type 3,18.0,False,CHEMBL612717,[],ORGANISM,11069
5,"[{'xref_id': 'P29990', 'xref_name': None, 'xref_src': 'canSAR-Target'}]",Dengue virus type 2 (strain Thailand/16681/1984) (DENV-2),Dengue virus type 2 NS3 protein,15.0,False,CHEMBL5980,"[{'accession': 'P29990', 'component_description': 'Genome polyprotein', 'component_id': 4487, 'component_type': 'PROTEIN', 'relationship': 'SINGLE PROTEIN', 'target_component_synonyms': [{'component_synonym': 'Genome polyprotein', 'syn_type': 'UNIPROT'}, {'component_synonym': 'Capsid protein C', 'syn_type': 'UNIPROT'}, {'component_synonym': 'Protein prM', 'syn_type': 'UNIPROT'}, {'component_synonym': 'Peptide pr', 'syn_type': 'UNIPROT'}, {'component_synonym': 'Small envelope protein M', 'syn_type': 'UNIPROT'}, {'component_synonym': 'Envelope protein E', 'syn_type': 'UNIPROT'}, {'component_synonym': 'Non-structural protein 1', 'syn_type': 'UNIPROT'}, {'component_synonym': 'Non-structural protein 2A', 'syn_type': 'UNIPROT'}, {'component_synonym': 'Serine protease subunit NS2B', 'syn_type': 'UNIPROT'}, {'component_synonym': 'Serine protease NS3', 'syn_type': 'UNIPROT'}, {'component_synonym': 'Non-structural protein 4A', 'syn_type': 'UNIPROT'}, {'component_synonym': 'Peptide 2k', 'syn_type': 'UNIPROT'}, {'component_synonym': 'Non-structural protein 4B', 'syn_type': 'UNIPROT'}, {'component_synonym': 'RNA-directed RNA polymerase NS5', 'syn_type': 'UNIPROT'}, {'component_synonym': 'Core protein', 'syn_type': 'UNIPROT'}, {'component_synonym': 'Matrix protein', 'syn_type': 'UNIPROT'}, {'component_synonym': 'Flavivirin protease NS2B regulatory subunit', 'syn_type': 'UNIPROT'}, {'component_synonym': 'Non-structural protein 2B', 'syn_type': 'UNIPROT'}, {'component_synonym': 'Flavivirin protease NS3 catalytic subunit', 'syn_type': 'UNIPROT'}, {'component_synonym': 'Non-structural protein 3', 'syn_type': 'UNIPROT'}, {'component_synonym': 'Non-structural protein 5', 'syn_type': 'UNIPROT'}, {'component_synonym': 'NS1', 'syn_type': 'UNIPROT'}, {'component_synonym': 'NS2A', 'syn_type': 'UNIPROT'}, {'component_synonym': 'NS4A', 'syn_type': 'UNIPROT'}, {'component_synonym': 'NS4B', 'syn_type': 'UNIPROT'}, {'component_synonym': '3.4.21.91', 'syn_type': 'EC_NUMBER'}, {'component_synonym': '3.6.1.15', 'syn_type': 'EC_NUMBER'}, {'component_synonym': '3.6.4.13', 'syn_type': 'EC_NUMBER'}, {'component_synonym': '2.1.1.56', 'syn_type': 'EC_NUMBER'}, {'component_synonym': '2.1.1.57', 'syn_type': 'EC_NUMBER'}, {'component_synonym': '2.7.7.48', 'syn_type': 'EC_NUMBER'}], 'target_component_xrefs': [{'xref_id': 'GO:0005576', 'xref_name': 'extracellular region', 'xref_src_db': 'GoComponent'}, {'xref_id': 'GO:0016020', 'xref_name': 'membrane', 'xref_src_db': 'GoComponent'}, {'xref_id': 'GO:0019028', 'xref_name': 'viral capsid', 'xref_src_db': 'GoComponent'}, {'xref_id': 'GO:0019031', 'xref_name': 'viral envelope', 'xref_src_db': 'GoComponent'}, {'xref_id': 'GO:0030430', 'xref_name': 'host cell cytoplasm', 'xref_src_db': 'GoComponent'}, {'xref_id': 'GO:0033644', 'xref_name': 'host cell membrane', 'xref_src_db': 'GoComponent'}, {'xref_id': 'GO:0033650', 'xref_name': 'host cell mitochondrion', 'xref_src_db': 'GoComponent'}, {'xref_id': 'GO:0042025', 'xref_name': 'host cell nucleus', 'xref_src_db': 'GoComponent'}, {'xref_id': 'GO:0044165', 'xref_name': 'host cell endoplasmic reticulum', 'xref_src_db': 'GoComponent'}, {'xref_id': 'GO:0044167', 'xref_name': 'host cell endoplasmic reticulum membrane', 'xref_src_db': 'GoComponent'}, {'xref_id': 'GO:0044220', 'xref_name': 'host cell perinuclear region of cytoplasm', 'xref_src_db': 'GoComponent'}, {'xref_id': 'GO:0044423', 'xref_name': 'virion component', 'xref_src_db': 'GoComponent'}, {'xref_id': 'GO:0055036', 'xref_name': 'virion membrane', 'xref_src_db': 'GoComponent'}, {'xref_id': 'GO:0000166', 'xref_name': 'nucleotide binding', 'xref_src_db': 'GoFunction'}, {'xref_id': 'GO:0003723', 'xref_name': 'RNA binding', 'xref_src_db': 'GoFunction'}, {'xref_id': 'GO:0003724', 'xref_name': 'RNA helicase activity', 'xref_src_db': 'GoFunction'}, {'xref_id': 'GO:0003725', 'xref_name': 'double-stranded RNA binding', 'xref_src_db': 'GoFunction'}, {'xref_id': 'GO:0003824', 'xref_name': 'catalytic activity', 'xref_src_db': 'GoFunction'}, {'xref_id': 'GO:0003968', 'xref_name': 'RNA-dependent RNA polymerase activity', 'xref_src_db': 'GoFunction'}, {'xref_id': 'GO:0004252', 'xref_name': 'serine-type endopeptidase activity', 'xref_src_db': 'GoFunction'}, {'xref_id': 'GO:0004386', 'xref_name': 'helicase activity', 'xref_src_db': 'GoFunction'}, {'xref_id': 'GO:0004482', 'xref_name': ""mRNA 5'-cap (guanine-N7-)-methyltransferase activity"", 'xref_src_db': 'GoFunction'}, {'xref_id': 'GO:0004483', 'xref_name': ""mRNA (nucleoside-2'-O-)-methyltransferase activity"", 'xref_src_db': 'GoFunction'}, {'xref_id': 'GO:0005198', 'xref_name': 'structural molecule activity', 'xref_src_db': 'GoFunction'}, {'xref_id': 'GO:0005216', 'xref_name': 'monoatomic ion channel activity', 'xref_src_db': 'GoFunction'}, {'xref_id': 'GO:0005524', 'xref_name': 'ATP binding', 'xref_src_db': 'GoFunction'}, {'xref_id': 'GO:0008168', 'xref_name': 'methyltransferase activity', 'xref_src_db': 'GoFunction'}, {'xref_id': 'GO:0008233', 'xref_name': 'peptidase activity', 'xref_src_db': 'GoFunction'}, {'xref_id': 'GO:0008236', 'xref_name': 'serine-type peptidase activity', 'xref_src_db': 'GoFunction'}, {'xref_id': 'GO:0016740', 'xref_name': 'transferase activity', 'xref_src_db': 'GoFunction'}, {'xref_id': 'GO:0016779', 'xref_name': 'nucleotidyltransferase activity', 'xref_src_db': 'GoFunction'}, {'xref_id': 'GO:0016787', 'xref_name': 'hydrolase activity', 'xref_src_db': 'GoFunction'}, {'xref_id': 'GO:0016817', 'xref_name': 'hydrolase activity, acting on acid anhydrides', 'xref_src_db': 'GoFunction'}, {'xref_id': 'GO:0016887', 'xref_name': 'ATP hydrolysis activity', 'xref_src_db': 'GoFunction'}, {'xref_id': 'GO:0017111', 'xref_name': 'ribonucleoside triphosphate phosphatase activity', 'xref_src_db': 'GoFunction'}, {'xref_id': 'GO:0034062', 'xref_name': ""5'-3' RNA polymerase activity"", 'xref_src_db': 'GoFunction'}, {'xref_id': 'GO:0046872', 'xref_name': 'metal ion binding', 'xref_src_db': 'GoFunction'}, {'xref_id': 'GO:0046983', 'xref_name': 'protein dimerization activity', 'xref_src_db': 'GoFunction'}, {'xref_id': 'GO:0140272', 'xref_name': 'exogenous protein binding', 'xref_src_db': 'GoFunction'}, {'xref_id': 'GO:0001172', 'xref_name': 'RNA-templated transcription', 'xref_src_db': 'GoProcess'}, {'xref_id': 'GO:0006370', 'xref_name': '7-methylguanosine mRNA capping', 'xref_src_db': 'GoProcess'}, {'xref_id': 'GO:0006397', 'xref_name': 'mRNA processing', 'xref_src_db': 'GoProcess'}, {'xref_id': 'GO:0006508', 'xref_name': 'proteolysis', 'xref_src_db': 'GoProcess'}, {'xref_id': 'GO:0006811', 'xref_name': 'monoatomic ion transport', 'xref_src_db': 'GoProcess'}, {'xref_id': 'GO:0008152', 'xref_name': 'metabolic process', 'xref_src_db': 'GoProcess'}, {'xref_id': 'GO:0016032', 'xref_name': 'viral process', 'xref_src_db': 'GoProcess'}, {'xref_id': 'GO:0016070', 'xref_name': 'RNA metabolic process', 'xref_src_db': 'GoProcess'}, {'xref_id': 'GO:0019049', 'xref_name': 'virus-mediated perturbation of host defense response', 'xref_src_db': 'GoProcess'}, {'xref_id': 'GO:0019058', 'xref_name': 'viral life cycle', 'xref_src_db': 'GoProcess'}, {'xref_id': 'GO:0019062', 'xref_name': 'virion attachment to host cell', 'xref_src_db': 'GoProcess'}, {'xref_id': 'GO:0032259', 'xref_name': 'methylation', 'xref_src_db': 'GoProcess'}, {'xref_id': 'GO:0034220', 'xref_name': 'monoatomic ion transmembrane transport', 'xref_src_db': 'GoProcess'}, {'xref_id': 'GO:0039502', 'xref_name': 'symbiont-mediated suppression of host type I interferon-mediated signaling pathway', 'xref_src_db': 'GoProcess'}, {'xref_id': 'GO:0039520', 'xref_name': 'induction by virus of host autophagy', 'xref_src_db': 'GoProcess'}, {'xref_id': 'GO:0039545', 'xref_name': 'symbiont-mediated suppression of host cytoplasmic pattern recognition receptor signaling pathway via inhibition of MAVS activity', 'xref_src_db': 'GoProcess'}, {'xref_id': 'GO:0039564', 'xref_name': 'symbiont-mediated suppression of host JAK-STAT cascade via inhibition of STAT2 activity', 'xref_src_db': 'GoProcess'}, {'xref_id': 'GO:0039574', 'xref_name': 'symbiont-mediated suppression of host JAK-STAT cascade via inhibition of host TYK2 activity', 'xref_src_db': 'GoProcess'}, {'xref_id': 'GO:0039653', 'xref_name': 'symbiont-mediated suppression of host transcription', 'xref_src_db': 'GoProcess'}, {'xref_id': 'GO:0039654', 'xref_name': 'fusion of virus membrane with host endosome membrane', 'xref_src_db': 'GoProcess'}, {'xref_id': 'GO:0039663', 'xref_name': 'membrane fusion involved in viral entry into host cell', 'xref_src_db': 'GoProcess'}, {'xref_id': 'GO:0039694', 'xref_name': 'viral RNA genome replication', 'xref_src_db': 'GoProcess'}, {'xref_id': 'GO:0046718', 'xref_name': 'symbiont entry into host cell', 'xref_src_db': 'GoProcess'}, {'xref_id': 'GO:0051259', 'xref_name': 'protein complex oligomerization', 'xref_src_db': 'GoProcess'}, {'xref_id': 'GO:0075509', 'xref_name': 'endocytosis involved in viral entry into host cell', 'xref_src_db': 'GoProcess'}, {'xref_id': 'GO:0075512', 'xref_name': 'clathrin-dependent endocytosis of virus by host cell', 'xref_src_db': 'GoProcess'}, {'xref_id': 'GO:0080009', 'xref_name': 'mRNA methylation', 'xref_src_db': 'GoProcess'}, {'xref_id': 'GO:0106005', 'xref_name': ""RNA 5'-cap (guanine-N7)-methylation"", 'xref_src_db': 'GoProcess'}, {'xref_id': 'P29990', 'xref_name': None, 'xref_src_db': 'IntAct'}, {'xref_id': 'IPR000069', 'xref_name': 'Env_glycoprot_M_flavivir.', 'xref_src_db': 'InterPro'}, {'xref_id': 'IPR000208', 'xref_name': 'Flavi_RdRp_fingers/palm.', 'xref_src_db': 'InterPro'}, {'xref_id': 'IPR000336', 'xref_name': 'Flavivir/Alphavir_Ig-like_sf.', 'xref_src_db': 'InterPro'}, {'xref_id': 'IPR000404', 'xref_name': 'Flavi_NS4A.', 'xref_src_db': 'InterPro'}, {'xref_id': 'IPR000487', 'xref_name': 'Flavi_NS2B.', 'xref_src_db': 'InterPro'}, {'xref_id': 'IPR000752', 'xref_name': 'Flavi_NS2A.', 'xref_src_db': 'InterPro'}, {'xref_id': 'IPR001122', 'xref_name': 'Flavi_capsidC.', 'xref_src_db': 'InterPro'}, {'xref_id': 'IPR001157', 'xref_name': 'Flavi_NS1.', 'xref_src_db': 'InterPro'}, {'xref_id': 'IPR001528', 'xref_name': 'Flavi_NS4B.', 'xref_src_db': 'InterPro'}, {'xref_id': 'IPR001650', 'xref_name': 'Helicase_C.', 'xref_src_db': 'InterPro'}, {'xref_id': 'IPR001850', 'xref_name': 'Flavi_NS3_S7.', 'xref_src_db': 'InterPro'}, {'xref_id': 'IPR002535', 'xref_name': 'Flavi_propep.', 'xref_src_db': 'InterPro'}, {'xref_id': 'IPR002877', 'xref_name': 'RNA_MeTrfase_FtsJ_dom.', 'xref_src_db': 'InterPro'}, {'xref_id': 'IPR007094', 'xref_name': 'RNA-dir_pol_PSvirus.', 'xref_src_db': 'InterPro'}, {'xref_id': 'IPR009003', 'xref_name': 'Peptidase_S1_PA.', 'xref_src_db': 'InterPro'}, {'xref_id': 'IPR011492', 'xref_name': 'Flavi_DEAD.', 'xref_src_db': 'InterPro'}, {'xref_id': 'IPR011998', 'xref_name': 'Flavi_Glycoprot_E_cen/dimer.', 'xref_src_db': 'InterPro'}, {'xref_id': 'IPR013755', 'xref_name': 'Flav_gly_cen_dom_subdom1.', 'xref_src_db': 'InterPro'}, {'xref_id': 'IPR013756', 'xref_name': 'GlyE_cen_dom_subdom2.', 'xref_src_db': 'InterPro'}, {'xref_id': 'IPR014001', 'xref_name': 'Helicase_ATP-bd.', 'xref_src_db': 'InterPro'}, {'xref_id': 'IPR014412', 'xref_name': 'Gen_Poly_FLV.', 'xref_src_db': 'InterPro'}, {'xref_id': 'IPR014756', 'xref_name': 'Ig_E-set.', 'xref_src_db': 'InterPro'}, {'xref_id': 'IPR026470', 'xref_name': 'Flavi_E_Stem/Anchor_dom.', 'xref_src_db': 'InterPro'}, {'xref_id': 'IPR026490', 'xref_name': 'mRNA_cap_0/1_MeTrfase.', 'xref_src_db': 'InterPro'}, {'xref_id': 'IPR027287', 'xref_name': 'Flavi_E_Ig-like.', 'xref_src_db': 'InterPro'}, {'xref_id': 'IPR027417', 'xref_name': 'P-loop_NTPase.', 'xref_src_db': 'InterPro'}, {'xref_id': 'IPR029063', 'xref_name': 'SAM-dependent_MTases_sf.', 'xref_src_db': 'InterPro'}, {'xref_id': 'IPR036253', 'xref_name': 'Glycoprot_cen/dimer_sf.', 'xref_src_db': 'InterPro'}, {'xref_id': 'IPR037172', 'xref_name': 'Flavi_capsidC_sf.', 'xref_src_db': 'InterPro'}, {'xref_id': 'IPR038055', 'xref_name': 'Glycoprot_E_dimer_dom.', 'xref_src_db': 'InterPro'}, {'xref_id': 'IPR038302', 'xref_name': 'Env_glycoprot_M_sf_flavivir.', 'xref_src_db': 'InterPro'}, {'xref_id': 'IPR038345', 'xref_name': 'Flavi_E_Stem/Anchor_dom_sf.', 'xref_src_db': 'InterPro'}, {'xref_id': 'IPR038688', 'xref_name': 'Flavi_propep_sf.', 'xref_src_db': 'InterPro'}, {'xref_id': 'IPR043502', 'xref_name': 'DNA/RNA_pol_sf.', 'xref_src_db': 'InterPro'}, {'xref_id': 'IPR043504', 'xref_name': 'Peptidase_S1_PA_chymotrypsin.', 'xref_src_db': 'InterPro'}, {'xref_id': 'IPR046811', 'xref_name': 'Flavi_NS5_thumb.', 'xref_src_db': 'InterPro'}, {'xref_id': 'IPR047530', 'xref_name': 'Flavi_RdRp.', 'xref_src_db': 'InterPro'}, {'xref_id': '2R69', 'xref_name': 'A', 'xref_src_db': 'PDBe'}, {'xref_id': '4O6B', 'xref_name': 'A', 'xref_src_db': 'PDBe'}, {'xref_id': '6WER', 'xref_name': 'A', 'xref_src_db': 'PDBe'}, {'xref_id': '6WY1', 'xref_name': 'A', 'xref_src_db': 'PDBe'}, {'xref_id': '7K93', 'xref_name': 'A', 'xref_src_db': 'PDBe'}, {'xref_id': 'PF00869', 'xref_name': 'Flavi_glycoprot', 'xref_src_db': 'Pfam'}, {'xref_id': 'PF00948', 'xref_name': 'Flavi_NS1', 'xref_src_db': 'Pfam'}, {'xref_id': 'PF00949', 'xref_name': 'Peptidase_S7', 'xref_src_db': 'Pfam'}, {'xref_id': 'PF00972', 'xref_name': 'Flavi_NS5', 'xref_src_db': 'Pfam'}, {'xref_id': 'PF01002', 'xref_name': 'Flavi_NS2B', 'xref_src_db': 'Pfam'}, {'xref_id': 'PF01003', 'xref_name': 'Flavi_capsid', 'xref_src_db': 'Pfam'}, {'xref_id': 'PF01004', 'xref_name': 'Flavi_M', 'xref_src_db': 'Pfam'}, {'xref_id': 'PF01005', 'xref_name': 'Flavi_NS2A', 'xref_src_db': 'Pfam'}, {'xref_id': 'PF01349', 'xref_name': 'Flavi_NS4B', 'xref_src_db': 'Pfam'}, {'xref_id': 'PF01350', 'xref_name': 'Flavi_NS4A', 'xref_src_db': 'Pfam'}, {'xref_id': 'PF01570', 'xref_name': 'Flavi_propep', 'xref_src_db': 'Pfam'}, {'xref_id': 'PF01728', 'xref_name': 'FtsJ', 'xref_src_db': 'Pfam'}, {'xref_id': 'PF02832', 'xref_name': 'Flavi_glycop_C', 'xref_src_db': 'Pfam'}, {'xref_id': 'PF07652', 'xref_name': 'Flavi_DEAD', 'xref_src_db': 'Pfam'}, {'xref_id': 'PF20483', 'xref_name': 'Flavi_NS5_thumb', 'xref_src_db': 'Pfam'}, {'xref_id': 'PF20907', 'xref_name': 'Flav_NS3-hel_C', 'xref_src_db': 'Pfam'}, {'xref_id': 'PF21659', 'xref_name': 'Flavi_E_stem', 'xref_src_db': 'Pfam'}, {'xref_id': 'P29990', 'xref_name': None, 'xref_src_db': 'UniProt'}]}]",SINGLE PROTEIN,31634
6,[],Dengue virus,Nonstructural protein 5,14.0,False,CHEMBL4295629,"[{'accession': 'V5TFZ2', 'component_description': 'Nonstructural protein 5', 'component_id': 18050, 'component_type': 'PROTEIN', 'relationship': 'SINGLE PROTEIN', 'target_component_synonyms': [{'component_synonym': 'Nonstructural protein 5', 'syn_type': 'UNIPROT'}], 'target_component_xrefs': [{'xref_id': 'GO:0016020', 'xref_name': 'membrane', 'xref_src_db': 'GoComponent'}, {'xref_id': 'GO:0042025', 'xref_name': 'host cell nucleus', 'xref_src_db': 'GoComponent'}, {'xref_id': 'GO:0000166', 'xref_name': 'nucleotide binding', 'xref_src_db': 'GoFunction'}, {'xref_id': 'GO:0003724', 'xref_name': 'RNA helicase activity', 'xref_src_db': 'GoFunction'}, {'xref_id': 'GO:0003968', 'xref_name': 'RNA-dependent RNA polymerase activity', 'xref_src_db': 'GoFunction'}, {'xref_id': 'GO:0004482', 'xref_name': ""mRNA 5'-cap (guanine-N7-)-methyltransferase activity"", 'xref_src_db': 'GoFunction'}, {'xref_id': 'GO:0004483', 'xref_name': ""mRNA (nucleoside-2'-O-)-methyltransferase activity"", 'xref_src_db': 'GoFunction'}, {'xref_id': 'GO:0005524', 'xref_name': 'ATP binding', 'xref_src_db': 'GoFunction'}, {'xref_id': 'GO:0008168', 'xref_name': 'methyltransferase activity', 'xref_src_db': 'GoFunction'}, {'xref_id': 'GO:0016740', 'xref_name': 'transferase activity', 'xref_src_db': 'GoFunction'}, {'xref_id': 'GO:0016779', 'xref_name': 'nucleotidyltransferase activity', 'xref_src_db': 'GoFunction'}, {'xref_id': 'GO:0017111', 'xref_name': 'ribonucleoside triphosphate phosphatase activity', 'xref_src_db': 'GoFunction'}, {'xref_id': 'GO:0001172', 'xref_name': 'RNA-templated transcription', 'xref_src_db': 'GoProcess'}, {'xref_id': 'GO:0006370', 'xref_name': '7-methylguanosine mRNA capping', 'xref_src_db': 'GoProcess'}, {'xref_id': 'GO:0006397', 'xref_name': 'mRNA processing', 'xref_src_db': 'GoProcess'}, {'xref_id': 'GO:0032259', 'xref_name': 'methylation', 'xref_src_db': 'GoProcess'}, {'xref_id': 'GO:0039694', 'xref_name': 'viral RNA genome replication', 'xref_src_db': 'GoProcess'}, {'xref_id': 'GO:0080009', 'xref_name': 'mRNA methylation', 'xref_src_db': 'GoProcess'}, {'xref_id': 'GO:0106005', 'xref_name': ""RNA 5'-cap (guanine-N7)-methylation"", 'xref_src_db': 'GoProcess'}, {'xref_id': 'IPR000208', 'xref_name': 'Flavi_RdRp_fingers/palm.', 'xref_src_db': 'InterPro'}, {'xref_id': 'IPR002877', 'xref_name': 'RNA_MeTrfase_FtsJ_dom.', 'xref_src_db': 'InterPro'}, {'xref_id': 'IPR007094', 'xref_name': 'RNA-dir_pol_PSvirus.', 'xref_src_db': 'InterPro'}, {'xref_id': 'IPR026490', 'xref_name': 'mRNA_cap_0/1_MeTrfase.', 'xref_src_db': 'InterPro'}, {'xref_id': 'IPR029063', 'xref_name': 'SAM-dependent_MTases_sf.', 'xref_src_db': 'InterPro'}, {'xref_id': 'IPR043502', 'xref_name': 'DNA/RNA_pol_sf.', 'xref_src_db': 'InterPro'}, {'xref_id': 'IPR046811', 'xref_name': 'Flavi_NS5_thumb.', 'xref_src_db': 'InterPro'}, {'xref_id': 'IPR047530', 'xref_name': 'Flavi_RdRp.', 'xref_src_db': 'InterPro'}, {'xref_id': 'PF00972', 'xref_name': 'Flavi_NS5', 'xref_src_db': 'Pfam'}, {'xref_id': 'PF01728', 'xref_name': 'FtsJ', 'xref_src_db': 'Pfam'}, {'xref_id': 'PF20483', 'xref_name': 'Flavi_NS5_thumb', 'xref_src_db': 'Pfam'}, {'xref_id': 'V5TFZ2', 'xref_name': None, 'xref_src_db': 'UniProt'}]}]",SINGLE PROTEIN,12637
7,[],Homo sapiens,Hepatitis A virus cellular receptor 2,14.0,False,CHEMBL4630879,"[{'accession': 'Q8TDQ0', 'component_description': 'Hepatitis A virus cellular receptor 2', 'component_id': 19493, 'component_type': 'PROTEIN', 'relationship': 'SINGLE PROTEIN', 'target_component_synonyms': [{'component_synonym': 'TIM3', 'syn_type': 'GENE_SYMBOL_OTHER'}, {'component_synonym': 'TIMD3', 'syn_type': 'GENE_SYMBOL_OTHER'}, {'component_synonym': 'HAVCR2', 'syn_type': 'GENE_SYMBOL'}, {'component_synonym': 'Hepatitis A virus cellular receptor 2', 'syn_type': 'UNIPROT'}, {'component_synonym': 'T-cell immunoglobulin and mucin domain-containing protein 3', 'syn_type': 'UNIPROT'}, {'component_synonym': 'T-cell immunoglobulin mucin receptor 3', 'syn_type': 'UNIPROT'}, {'component_synonym': 'T-cell membrane protein 3', 'syn_type': 'UNIPROT'}, {'component_synonym': 'CD_antigen=CD366', 'syn_type': 'UNIPROT'}, {'component_synonym': 'HAVcr-2', 'syn_type': 'UNIPROT'}, {'component_synonym': 'TIMD-3', 'syn_type': 'UNIPROT'}, {'component_synonym': 'TIM-3', 'syn_type': 'UNIPROT'}], 'target_component_xrefs': [{'xref_id': 'Q8TDQ0', 'xref_name': None, 'xref_src_db': 'ExpressionAtlas'}, {'xref_id': 'GO:0001772', 'xref_name': 'immunological synapse', 'xref_src_db': 'GoComponent'}, {'xref_id': 'GO:0005769', 'xref_name': 'early endosome', 'xref_src_db': 'GoComponent'}, {'xref_id': 'GO:0005886', 'xref_name': 'plasma membrane', 'xref_src_db': 'GoComponent'}, {'xref_id': 'GO:0009986', 'xref_name': 'cell surface', 'xref_src_db': 'GoComponent'}, {'xref_id': 'GO:0016020', 'xref_name': 'membrane', 'xref_src_db': 'GoComponent'}, {'xref_id': 'GO:0016592', 'xref_name': 'mediator complex', 'xref_src_db': 'GoComponent'}, {'xref_id': 'GO:0070161', 'xref_name': 'anchoring junction', 'xref_src_db': 'GoComponent'}, {'xref_id': 'GO:0005515', 'xref_name': 'protein binding', 'xref_src_db': 'GoFunction'}, {'xref_id': 'GO:0046872', 'xref_name': 'metal ion binding', 'xref_src_db': 'GoFunction'}, {'xref_id': 'GO:0001819', 'xref_name': 'positive regulation of cytokine production', 'xref_src_db': 'GoProcess'}, {'xref_id': 'GO:0002250', 'xref_name': 'adaptive immune response', 'xref_src_db': 'GoProcess'}, {'xref_id': 'GO:0002281', 'xref_name': 'macrophage activation involved in immune response', 'xref_src_db': 'GoProcess'}, {'xref_id': 'GO:0002376', 'xref_name': 'immune system process', 'xref_src_db': 'GoProcess'}, {'xref_id': 'GO:0002519', 'xref_name': 'natural killer cell tolerance induction', 'xref_src_db': 'GoProcess'}, {'xref_id': 'GO:0002652', 'xref_name': 'regulation of tolerance induction dependent upon immune response', 'xref_src_db': 'GoProcess'}, {'xref_id': 'GO:0002826', 'xref_name': 'negative regulation of T-helper 1 type immune response', 'xref_src_db': 'GoProcess'}, {'xref_id': 'GO:0002838', 'xref_name': 'negative regulation of immune response to tumor cell', 'xref_src_db': 'GoProcess'}, {'xref_id': 'GO:0002859', 'xref_name': 'negative regulation of natural killer cell mediated cytotoxicity directed against tumor cell target', 'xref_src_db': 'GoProcess'}, {'xref_id': 'GO:0006357', 'xref_name': 'regulation of transcription by RNA polymerase II', 'xref_src_db': 'GoProcess'}, {'xref_id': 'GO:0006954', 'xref_name': 'inflammatory response', 'xref_src_db': 'GoProcess'}, {'xref_id': 'GO:0010629', 'xref_name': 'negative regulation of gene expression', 'xref_src_db': 'GoProcess'}, {'xref_id': 'GO:0030886', 'xref_name': 'negative regulation of myeloid dendritic cell activation', 'xref_src_db': 'GoProcess'}, {'xref_id': 'GO:0032088', 'xref_name': 'negative regulation of NF-kappaB transcription factor activity', 'xref_src_db': 'GoProcess'}, {'xref_id': 'GO:0032480', 'xref_name': 'negative regulation of type I interferon production', 'xref_src_db': 'GoProcess'}, {'xref_id': 'GO:0032687', 'xref_name': 'negative regulation of interferon-alpha production', 'xref_src_db': 'GoProcess'}, {'xref_id': 'GO:0032689', 'xref_name': 'negative regulation of type II interferon production', 'xref_src_db': 'GoProcess'}, {'xref_id': 'GO:0032703', 'xref_name': 'negative regulation of interleukin-2 production', 'xref_src_db': 'GoProcess'}, {'xref_id': 'GO:0032712', 'xref_name': 'negative regulation of interleukin-3 production', 'xref_src_db': 'GoProcess'}, {'xref_id': 'GO:0032715', 'xref_name': 'negative regulation of interleukin-6 production', 'xref_src_db': 'GoProcess'}, {'xref_id': 'GO:0032720', 'xref_name': 'negative regulation of tumor necrosis factor production', 'xref_src_db': 'GoProcess'}, {'xref_id': 'GO:0032722', 'xref_name': 'positive regulation of chemokine production', 'xref_src_db': 'GoProcess'}, {'xref_id': 'GO:0032729', 'xref_name': 'positive regulation of type II interferon production', 'xref_src_db': 'GoProcess'}, {'xref_id': 'GO:0032732', 'xref_name': 'positive regulation of interleukin-1 production', 'xref_src_db': 'GoProcess'}, {'xref_id': 'GO:0032753', 'xref_name': 'positive regulation of interleukin-4 production', 'xref_src_db': 'GoProcess'}, {'xref_id': 'GO:0032760', 'xref_name': 'positive regulation of tumor necrosis factor production', 'xref_src_db': 'GoProcess'}, {'xref_id': 'GO:0032815', 'xref_name': 'negative regulation of natural killer cell activation', 'xref_src_db': 'GoProcess'}, {'xref_id': 'GO:0034138', 'xref_name': 'toll-like receptor 3 signaling pathway', 'xref_src_db': 'GoProcess'}, {'xref_id': 'GO:0034154', 'xref_name': 'toll-like receptor 7 signaling pathway', 'xref_src_db': 'GoProcess'}, {'xref_id': 'GO:0034162', 'xref_name': 'toll-like receptor 9 signaling pathway', 'xref_src_db': 'GoProcess'}, {'xref_id': 'GO:0042102', 'xref_name': 'positive regulation of T cell proliferation', 'xref_src_db': 'GoProcess'}, {'xref_id': 'GO:0042130', 'xref_name': 'negative regulation of T cell proliferation', 'xref_src_db': 'GoProcess'}, {'xref_id': 'GO:0043032', 'xref_name': 'positive regulation of macrophage activation', 'xref_src_db': 'GoProcess'}, {'xref_id': 'GO:0045087', 'xref_name': 'innate immune response', 'xref_src_db': 'GoProcess'}, {'xref_id': 'GO:0045089', 'xref_name': 'positive regulation of innate immune response', 'xref_src_db': 'GoProcess'}, {'xref_id': 'GO:0045824', 'xref_name': 'negative regulation of innate immune response', 'xref_src_db': 'GoProcess'}, {'xref_id': 'GO:0050830', 'xref_name': 'defense response to Gram-positive bacterium', 'xref_src_db': 'GoProcess'}, {'xref_id': 'GO:0060135', 'xref_name': 'maternal process involved in female pregnancy', 'xref_src_db': 'GoProcess'}, {'xref_id': 'GO:0070374', 'xref_name': 'positive regulation of ERK1 and ERK2 cascade', 'xref_src_db': 'GoProcess'}, {'xref_id': 'GO:0071222', 'xref_name': 'cellular response to lipopolysaccharide', 'xref_src_db': 'GoProcess'}, {'xref_id': 'GO:0071656', 'xref_name': 'negative regulation of granulocyte colony-stimulating factor production', 'xref_src_db': 'GoProcess'}, {'xref_id': 'GO:1900425', 'xref_name': 'negative regulation of defense response to bacterium', 'xref_src_db': 'GoProcess'}, {'xref_id': 'GO:1900426', 'xref_name': 'positive regulation of defense response to bacterium', 'xref_src_db': 'GoProcess'}, {'xref_id': 'GO:1901224', 'xref_name': 'positive regulation of non-canonical NF-kappaB signal transduction', 'xref_src_db': 'GoProcess'}, {'xref_id': 'GO:2000521', 'xref_name': 'negative regulation of immunological synapse formation', 'xref_src_db': 'GoProcess'}, {'xref_id': 'GO:2001189', 'xref_name': 'negative regulation of T cell activation via T cell receptor contact with antigen bound to MHC molecule on antigen presenting cell', 'xref_src_db': 'GoProcess'}, {'xref_id': '2940', 'xref_name': None, 'xref_src_db': 'GuideToPHARMACOLOGY'}, {'xref_id': 'Q8TDQ0', 'xref_name': None, 'xref_src_db': 'IntAct'}, {'xref_id': 'IPR003599', 'xref_name': 'Ig_sub.', 'xref_src_db': 'InterPro'}, {'xref_id': 'IPR007110', 'xref_name': 'Ig-like_dom.', 'xref_src_db': 'InterPro'}, {'xref_id': 'IPR013106', 'xref_name': 'Ig_V-set.', 'xref_src_db': 'InterPro'}, {'xref_id': 'IPR013783', 'xref_name': 'Ig-like_fold.', 'xref_src_db': 'InterPro'}, {'xref_id': 'IPR036179', 'xref_name': 'Ig-like_dom_sf.', 'xref_src_db': 'InterPro'}, {'xref_id': '5DZL', 'xref_name': 'A', 'xref_src_db': 'PDBe'}, {'xref_id': '5F71', 'xref_name': 'A', 'xref_src_db': 'PDBe'}, {'xref_id': '6DHB', 'xref_name': 'A', 'xref_src_db': 'PDBe'}, {'xref_id': '6TXZ', 'xref_name': 'A', 'xref_src_db': 'PDBe'}, {'xref_id': '7KQL', 'xref_name': 'A', 'xref_src_db': 'PDBe'}, {'xref_id': '7M3Y', 'xref_name': 'A', 'xref_src_db': 'PDBe'}, {'xref_id': '7M3Z', 'xref_name': 'A', 'xref_src_db': 'PDBe'}, {'xref_id': '7M41', 'xref_name': 'A', 'xref_src_db': 'PDBe'}, {'xref_id': 'PF07686', 'xref_name': 'V-set', 'xref_src_db': 'Pfam'}, {'xref_id': 'R-HSA-451927', 'xref_name': 'Interleukin-2 family signaling.', 'xref_src_db': 'Reactome'}, {'xref_id': 'B2RAY2', 'xref_name': None, 'xref_src_db': 'UniProt'}, {'xref_id': 'Q8TDQ0', 'xref_name': None, 'xref_src_db': 'UniProt'}, {'xref_id': 'Q8WW60', 'xref_name': None, 'xref_src_db': 'UniProt'}, {'xref_id': 'Q96K94', 'xref_name': None, 'xref_src_db': 'UniProt'}]}]",SINGLE PROTEIN,9606
8,[],Homo sapiens,Sodium-dependent phosphate transporter 1,12.0,False,CHEMBL4295909,"[{'accession': 'Q8WUM9', 'component_description': 'Sodium-dependent phosphate transporter 1', 'component_id': 18328, 'component_type': 'PROTEIN', 'relationship': 'SINGLE PROTEIN', 'target_component_synonyms': [{'component_synonym': 'GLVR1', 'syn_type': 'GENE_SYMBOL_OTHER'}, {'component_synonym': 'PIT1', 'syn_type': 'GENE_SYMBOL_OTHER'}, {'component_synonym': 'SLC20A1', 'syn_type': 'GENE_SYMBOL'}, {'component_synonym': 'Sodium-dependent phosphate transporter 1', 'syn_type': 'UNIPROT'}, {'component_synonym': 'Gibbon ape leukemia virus receptor 1', 'syn_type': 'UNIPROT'}, {'component_synonym': 'Leukemia virus receptor 1 homolog', 'syn_type': 'UNIPROT'}, {'component_synonym': 'Phosphate transporter 1', 'syn_type': 'UNIPROT'}, {'component_synonym': 'Solute carrier family 20 member 1', 'syn_type': 'UNIPROT'}, {'component_synonym': 'GLVR-1', 'syn_type': 'UNIPROT'}, {'component_synonym': 'PiT-1', 'syn_type': 'UNIPROT'}], 'target_component_xrefs': [{'xref_id': 'Q8WUM9', 'xref_name': None, 'xref_src_db': 'ExpressionAtlas'}, {'xref_id': 'GO:0005886', 'xref_name': 'plasma membrane', 'xref_src_db': 'GoComponent'}, {'xref_id': 'GO:0016020', 'xref_name': 'membrane', 'xref_src_db': 'GoComponent'}, {'xref_id': 'GO:0005315', 'xref_name': 'inorganic phosphate transmembrane transporter activity', 'xref_src_db': 'GoFunction'}, {'xref_id': 'GO:0005316', 'xref_name': 'high-affinity inorganic phosphate:sodium symporter activity', 'xref_src_db': 'GoFunction'}, {'xref_id': 'GO:0005436', 'xref_name': 'sodium:phosphate symporter activity', 'xref_src_db': 'GoFunction'}, {'xref_id': 'GO:0015293', 'xref_name': 'symporter activity', 'xref_src_db': 'GoFunction'}, {'xref_id': 'GO:0038023', 'xref_name': 'signaling receptor activity', 'xref_src_db': 'GoFunction'}, {'xref_id': 'GO:0006796', 'xref_name': 'phosphate-containing compound metabolic process', 'xref_src_db': 'GoProcess'}, {'xref_id': 'GO:0006811', 'xref_name': 'monoatomic ion transport', 'xref_src_db': 'GoProcess'}, {'xref_id': 'GO:0006814', 'xref_name': 'sodium ion transport', 'xref_src_db': 'GoProcess'}, {'xref_id': 'GO:0006817', 'xref_name': 'phosphate ion transport', 'xref_src_db': 'GoProcess'}, {'xref_id': 'GO:0008283', 'xref_name': 'cell population proliferation', 'xref_src_db': 'GoProcess'}, {'xref_id': 'GO:0031214', 'xref_name': 'biomineral tissue development', 'xref_src_db': 'GoProcess'}, {'xref_id': 'GO:0035435', 'xref_name': 'phosphate ion transmembrane transport', 'xref_src_db': 'GoProcess'}, {'xref_id': 'GO:0035725', 'xref_name': 'sodium ion transmembrane transport', 'xref_src_db': 'GoProcess'}, {'xref_id': 'GO:0043123', 'xref_name': 'positive regulation of canonical NF-kappaB signal transduction', 'xref_src_db': 'GoProcess'}, {'xref_id': 'Q8WUM9', 'xref_name': None, 'xref_src_db': 'IntAct'}, {'xref_id': 'IPR001204', 'xref_name': 'Phos_transporter.', 'xref_src_db': 'InterPro'}, {'xref_id': 'PF01384', 'xref_name': 'PHO4', 'xref_src_db': 'Pfam'}, {'xref_id': 'Q8WUM9', 'xref_name': 'Tbio', 'xref_src_db': 'Pharos'}, {'xref_id': 'R-HSA-427652', 'xref_name': 'Sodium-coupled phosphate cotransporters.', 'xref_src_db': 'Reactome'}, {'xref_id': 'Q08344', 'xref_name': None, 'xref_src_db': 'UniProt'}, {'xref_id': 'Q6DHX8', 'xref_name': None, 'xref_src_db': 'UniProt'}, {'xref_id': 'Q8WUM9', 'xref_name': None, 'xref_src_db': 'UniProt'}, {'xref_id': 'Q9UQ82', 'xref_name': None, 'xref_src_db': 'UniProt'}]}]",SINGLE PROTEIN,9606
9,"[{'xref_id': 'Thrombopoietin', 'xref_name': None, 'xref_src': 'Wikipedia'}]",Homo sapiens,Thrombopoietin,10.0,False,CHEMBL1293256,"[{'accession': 'P40225', 'component_description': 'Thrombopoietin', 'component_id': 4929, 'component_type': 'PROTEIN', 'relationship': 'SINGLE PROTEIN', 'target_component_synonyms': [{'component_synonym': 'MGDF', 'syn_type': 'GENE_SYMBOL_OTHER'}, {'component_synonym': 'THPO', 'syn_type': 'GENE_SYMBOL'}, {'component_synonym': 'Thrombopoietin', 'syn_type': 'UNIPROT'}, {'component_synonym': 'C-mpl ligand', 'syn_type': 'UNIPROT'}, {'component_synonym': 'Megakaryocyte colony-stimulating factor', 'syn_type': 'UNIPROT'}, {'component_synonym': 'Megakaryocyte growth and development factor', 'syn_type': 'UNIPROT'}, {'component_synonym': 'Myeloproliferative leukemia virus oncogene ligand', 'syn_type': 'UNIPROT'}, {'component_synonym': 'MGDF', 'syn_type': 'UNIPROT'}], 'target_component_xrefs': [{'xref_id': 'THPO', 'xref_name': 'Thrombocythemia 1', 'xref_src_db': 'CGD'}, {'xref_id': 'P40225', 'xref_name': None, 'xref_src_db': 'ExpressionAtlas'}, {'xref_id': 'GO:0005576', 'xref_name': 'extracellular region', 'xref_src_db': 'GoComponent'}, {'xref_id': 'GO:0005615', 'xref_name': 'extracellular space', 'xref_src_db': 'GoComponent'}, {'xref_id': 'GO:0005102', 'xref_name': 'signaling receptor binding', 'xref_src_db': 'GoFunction'}, {'xref_id': 'GO:0005125', 'xref_name': 'cytokine activity', 'xref_src_db': 'GoFunction'}, {'xref_id': 'GO:0005179', 'xref_name': 'hormone activity', 'xref_src_db': 'GoFunction'}, {'xref_id': 'GO:0008083', 'xref_name': 'growth factor activity', 'xref_src_db': 'GoFunction'}, {'xref_id': 'GO:0001934', 'xref_name': 'positive regulation of protein phosphorylation', 'xref_src_db': 'GoProcess'}, {'xref_id': 'GO:0008283', 'xref_name': 'cell population proliferation', 'xref_src_db': 'GoProcess'}, {'xref_id': 'GO:0008284', 'xref_name': 'positive regulation of cell population proliferation', 'xref_src_db': 'GoProcess'}, {'xref_id': 'GO:0030219', 'xref_name': 'megakaryocyte differentiation', 'xref_src_db': 'GoProcess'}, {'xref_id': 'GO:0035855', 'xref_name': 'megakaryocyte development', 'xref_src_db': 'GoProcess'}, {'xref_id': 'GO:0038163', 'xref_name': 'thrombopoietin-mediated signaling pathway', 'xref_src_db': 'GoProcess'}, {'xref_id': 'GO:0043410', 'xref_name': 'positive regulation of MAPK cascade', 'xref_src_db': 'GoProcess'}, {'xref_id': 'GO:0045654', 'xref_name': 'positive regulation of megakaryocyte differentiation', 'xref_src_db': 'GoProcess'}, {'xref_id': 'GO:0050896', 'xref_name': 'response to stimulus', 'xref_src_db': 'GoProcess'}, {'xref_id': 'GO:0051897', 'xref_name': 'positive regulation of phosphatidylinositol 3-kinase/protein kinase B signal transduction', 'xref_src_db': 'GoProcess'}, {'xref_id': 'GO:0070374', 'xref_name': 'positive regulation of ERK1 and ERK2 cascade', 'xref_src_db': 'GoProcess'}, {'xref_id': 'GO:0097696', 'xref_name': 'cell surface receptor signaling pathway via STAT', 'xref_src_db': 'GoProcess'}, {'xref_id': 'GO:1902035', 'xref_name': 'positive regulation of hematopoietic stem cell proliferation', 'xref_src_db': 'GoProcess'}, {'xref_id': 'P40225', 'xref_name': None, 'xref_src_db': 'IntAct'}, {'xref_id': 'IPR001323', 'xref_name': 'EPO_TPO.', 'xref_src_db': 'InterPro'}, {'xref_id': 'IPR003978', 'xref_name': 'Thrombopoietin.', 'xref_src_db': 'InterPro'}, {'xref_id': 'IPR009079', 'xref_name': '4_helix_cytokine-like_core.', 'xref_src_db': 'InterPro'}, {'xref_id': 'IPR019767', 'xref_name': 'EPO/TPO_CS.', 'xref_src_db': 'InterPro'}, {'xref_id': '1V7M', 'xref_name': 'A', 'xref_src_db': 'PDBe'}, {'xref_id': '1V7N', 'xref_name': 'A', 'xref_src_db': 'PDBe'}, {'xref_id': 'PF00758', 'xref_name': 'EPO_TPO', 'xref_src_db': 'Pfam'}, {'xref_id': 'PA36506', 'xref_name': 'thrombopoietin', 'xref_src_db': 'PharmGKB'}, {'xref_id': 'P40225', 'xref_name': 'Tbio', 'xref_src_db': 'Pharos'}, {'xref_id': 'R-HSA-76009', 'xref_name': 'Platelet Aggregation (Plug Formation).', 'xref_src_db': 'Reactome'}, {'xref_id': 'A1L3Y0', 'xref_name': None, 'xref_src_db': 'UniProt'}, {'xref_id': 'B7ZLR8', 'xref_name': None, 'xref_src_db': 'UniProt'}, {'xref_id': 'B9EGA8', 'xref_name': None, 'xref_src_db': 'UniProt'}, {'xref_id': 'P40225', 'xref_name': None, 'xref_src_db': 'UniProt'}, {'xref_id': 'Q13020', 'xref_name': None, 'xref_src_db': 'UniProt'}, {'xref_id': 'Q15790', 'xref_name': None, 'xref_src_db': 'UniProt'}, {'xref_id': 'Q15791', 'xref_name': None, 'xref_src_db': 'UniProt'}, {'xref_id': 'Q15792', 'xref_name': None, 'xref_src_db': 'UniProt'}]}]",SINGLE PROTEIN,9606
10,[],Homo sapiens,Transcription factor HIVEP2,10.0,False,CHEMBL4523214,"[{'accession': 'P31629', 'component_description': 'Transcription factor HIVEP2', 'component_id': 18714, 'component_type': 'PROTEIN', 'relationship': 'SINGLE PROTEIN', 'target_component_synonyms': [{'component_synonym': 'HIVEP2', 'syn_type': 'GENE_SYMBOL'}, {'component_synonym': 'Transcription factor HIVEP2', 'syn_type': 'UNIPROT'}, {'component_synonym': 'Human immunodeficiency virus type I enhancer-binding protein 2', 'syn_type': 'UNIPROT'}, {'component_synonym': 'MHC-binding protein 2', 'syn_type': 'UNIPROT'}, {'component_synonym': 'HIV-EP2', 'syn_type': 'UNIPROT'}, {'component_synonym': 'MBP-2', 'syn_type': 'UNIPROT'}], 'target_component_xrefs': [{'xref_id': 'GO:0005634', 'xref_name': 'nucleus', 'xref_src_db': 'GoComponent'}, {'xref_id': 'GO:0005654', 'xref_name': 'nucleoplasm', 'xref_src_db': 'GoComponent'}, {'xref_id': 'GO:0000978', 'xref_name': 'RNA polymerase II cis-regulatory region sequence-specific DNA binding', 'xref_src_db': 'GoFunction'}, {'xref_id': 'GO:0000981', 'xref_name': 'DNA-binding transcription factor activity, RNA polymerase II-specific', 'xref_src_db': 'GoFunction'}, {'xref_id': 'GO:0003677', 'xref_name': 'DNA binding', 'xref_src_db': 'GoFunction'}, {'xref_id': 'GO:0005515', 'xref_name': 'protein binding', 'xref_src_db': 'GoFunction'}, {'xref_id': 'GO:0046872', 'xref_name': 'metal ion binding', 'xref_src_db': 'GoFunction'}, {'xref_id': 'GO:0006357', 'xref_name': 'regulation of transcription by RNA polymerase II', 'xref_src_db': 'GoProcess'}, {'xref_id': 'P31629', 'xref_name': None, 'xref_src_db': 'IntAct'}, {'xref_id': 'IPR013087', 'xref_name': 'Znf_C2H2_type.', 'xref_src_db': 'InterPro'}, {'xref_id': 'IPR036236', 'xref_name': 'Znf_C2H2_sf.', 'xref_src_db': 'InterPro'}, {'xref_id': 'PF00096', 'xref_name': 'zf-C2H2', 'xref_src_db': 'Pfam'}, {'xref_id': 'P31629', 'xref_name': None, 'xref_src_db': 'UniProt'}, {'xref_id': 'Q02646', 'xref_name': None, 'xref_src_db': 'UniProt'}, {'xref_id': 'Q5THT5', 'xref_name': None, 'xref_src_db': 'UniProt'}, {'xref_id': 'Q9NS05', 'xref_name': None, 'xref_src_db': 'UniProt'}]}]",SINGLE PROTEIN,9606
11,[],Rattus norvegicus,G-protein coupled receptor 183,10.0,False,CHEMBL4802001,"[{'accession': 'D4A7K7', 'component_description': 'G-protein coupled receptor 183', 'component_id': 19722, 'component_type': 'PROTEIN', 'relationship': 'SINGLE PROTEIN', 'target_component_synonyms': [{'component_synonym': 'Ebi2', 'syn_type': 'GENE_SYMBOL_OTHER'}, {'component_synonym': 'Gpr183', 'syn_type': 'GENE_SYMBOL'}, {'component_synonym': 'G-protein coupled receptor 183', 'syn_type': 'UNIPROT'}, {'component_synonym': 'Epstein-Barr virus-induced G-protein coupled receptor 2', 'syn_type': 'UNIPROT'}, {'component_synonym': 'EBI2', 'syn_type': 'UNIPROT'}, {'component_synonym': 'EBV-induced G-protein coupled receptor 2', 'syn_type': 'UNIPROT'}], 'target_component_xrefs': [{'xref_id': 'GO:0005886', 'xref_name': 'plasma membrane', 'xref_src_db': 'GoComponent'}, {'xref_id': 'GO:0016020', 'xref_name': 'membrane', 'xref_src_db': 'GoComponent'}, {'xref_id': 'GO:0004930', 'xref_name': 'G protein-coupled receptor activity', 'xref_src_db': 'GoFunction'}, {'xref_id': 'GO:0008142', 'xref_name': 'oxysterol binding', 'xref_src_db': 'GoFunction'}, {'xref_id': 'GO:0002250', 'xref_name': 'adaptive immune response', 'xref_src_db': 'GoProcess'}, {'xref_id': 'GO:0002312', 'xref_name': 'B cell activation involved in immune response', 'xref_src_db': 'GoProcess'}, {'xref_id': 'GO:0002313', 'xref_name': 'mature B cell differentiation involved in immune response', 'xref_src_db': 'GoProcess'}, {'xref_id': 'GO:0002376', 'xref_name': 'immune system process', 'xref_src_db': 'GoProcess'}, {'xref_id': 'GO:0002407', 'xref_name': 'dendritic cell chemotaxis', 'xref_src_db': 'GoProcess'}, {'xref_id': 'GO:0006959', 'xref_name': 'humoral immune response', 'xref_src_db': 'GoProcess'}, {'xref_id': 'GO:0007165', 'xref_name': 'signal transduction', 'xref_src_db': 'GoProcess'}, {'xref_id': 'GO:0007186', 'xref_name': 'G protein-coupled receptor signaling pathway', 'xref_src_db': 'GoProcess'}, {'xref_id': 'GO:0008150', 'xref_name': 'biological_process', 'xref_src_db': 'GoProcess'}, {'xref_id': 'GO:0010818', 'xref_name': 'T cell chemotaxis', 'xref_src_db': 'GoProcess'}, {'xref_id': 'GO:0030316', 'xref_name': 'osteoclast differentiation', 'xref_src_db': 'GoProcess'}, {'xref_id': 'GO:0030595', 'xref_name': 'leukocyte chemotaxis', 'xref_src_db': 'GoProcess'}, {'xref_id': 'GO:0030890', 'xref_name': 'positive regulation of B cell proliferation', 'xref_src_db': 'GoProcess'}, {'xref_id': 'GO:0036145', 'xref_name': 'dendritic cell homeostasis', 'xref_src_db': 'GoProcess'}, {'xref_id': 'GO:0060326', 'xref_name': 'cell chemotaxis', 'xref_src_db': 'GoProcess'}, {'xref_id': 'GO:0061470', 'xref_name': 'T follicular helper cell differentiation', 'xref_src_db': 'GoProcess'}, {'xref_id': 'GO:0070374', 'xref_name': 'positive regulation of ERK1 and ERK2 cascade', 'xref_src_db': 'GoProcess'}, {'xref_id': 'GO:2000458', 'xref_name': 'regulation of astrocyte chemotaxis', 'xref_src_db': 'GoProcess'}, {'xref_id': 'IPR000276', 'xref_name': 'GPCR_Rhodpsn.', 'xref_src_db': 'InterPro'}, {'xref_id': 'IPR017452', 'xref_name': 'GPCR_Rhodpsn_7TM.', 'xref_src_db': 'InterPro'}, {'xref_id': 'IPR047160', 'xref_name': 'GP183-like.', 'xref_src_db': 'InterPro'}, {'xref_id': 'PF00001', 'xref_name': '7tm_1', 'xref_src_db': 'Pfam'}, {'xref_id': 'R-RNO-373076', 'xref_name': 'Class A/1 (Rhodopsin-like receptors).', 'xref_src_db': 'Reactome'}, {'xref_id': 'R-RNO-418594', 'xref_name': 'G alpha (i) signalling events.', 'xref_src_db': 'Reactome'}, {'xref_id': 'D4A7K7', 'xref_name': None, 'xref_src_db': 'UniProt'}]}]",SINGLE PROTEIN,10116
12,"[{'xref_id': 'P05412', 'xref_name': None, 'xref_src': 'canSAR-Target'}, {'xref_id': 'C-jun', 'xref_name': None, 'xref_src': 'Wikipedia'}]",Homo sapiens,Proto-oncogene c-JUN,9.0,False,CHEMBL4977,"[{'accession': 'P05412', 'component_description': 'Transcription factor Jun', 'component_id': 3289, 'component_type': 'PROTEIN', 'relationship': 'SINGLE PROTEIN', 'target_component_synonyms': [{'component_synonym': 'JUN', 'syn_type': 'GENE_SYMBOL'}, {'component_synonym': 'Transcription factor Jun', 'syn_type': 'UNIPROT'}, {'component_synonym': 'Activator protein 1', 'syn_type': 'UNIPROT'}, {'component_synonym': 'Proto-oncogene c-Jun', 'syn_type': 'UNIPROT'}, {'component_synonym': 'Transcription factor AP-1 subunit Jun', 'syn_type': 'UNIPROT'}, {'component_synonym': 'V-jun avian sarcoma virus 17 oncogene homolog', 'syn_type': 'UNIPROT'}, {'component_synonym': 'p39', 'syn_type': 'UNIPROT'}, {'component_synonym': 'AP1', 'syn_type': 'UNIPROT'}], 'target_component_xrefs': [{'xref_id': 'GO:0000228', 'xref_name': 'nuclear chromosome', 'xref_src_db': 'GoComponent'}, {'xref_id': 'GO:0000785', 'xref_name': 'chromatin', 'xref_src_db': 'GoComponent'}, {'xref_id': 'GO:0000791', 'xref_name': 'euchromatin', 'xref_src_db': 'GoComponent'}, {'xref_id': 'GO:0005634', 'xref_name': 'nucleus', 'xref_src_db': 'GoComponent'}, {'xref_id': 'GO:0005654', 'xref_name': 'nucleoplasm', 'xref_src_db': 'GoComponent'}, {'xref_id': 'GO:0005667', 'xref_name': 'transcription regulator complex', 'xref_src_db': 'GoComponent'}, {'xref_id': 'GO:0035976', 'xref_name': 'transcription factor AP-1 complex', 'xref_src_db': 'GoComponent'}, {'xref_id': 'GO:0090575', 'xref_name': 'RNA polymerase II transcription regulator complex', 'xref_src_db': 'GoComponent'}, {'xref_id': 'GO:0000976', 'xref_name': 'transcription cis-regulatory region binding', 'xref_src_db': 'GoFunction'}, {'xref_id': 'GO:0000978', 'xref_name': 'RNA polymerase II cis-regulatory region sequence-specific DNA binding', 'xref_src_db': 'GoFunction'}, {'xref_id': 'GO:0000981', 'xref_name': 'DNA-binding transcription factor activity, RNA polymerase II-specific', 'xref_src_db': 'GoFunction'}, {'xref_id': 'GO:0001227', 'xref_name': 'DNA-binding transcription repressor activity, RNA polymerase II-specific', 'xref_src_db': 'GoFunction'}, {'xref_id': 'GO:0001228', 'xref_name': 'DNA-binding transcription activator activity, RNA polymerase II-specific', 'xref_src_db': 'GoFunction'}, {'xref_id': 'GO:0003677', 'xref_name': 'DNA binding', 'xref_src_db': 'GoFunction'}, {'xref_id': 'GO:0003690', 'xref_name': 'double-stranded DNA binding', 'xref_src_db': 'GoFunction'}, {'xref_id': 'GO:0003700', 'xref_name': 'DNA-binding transcription factor activity', 'xref_src_db': 'GoFunction'}, {'xref_id': 'GO:0003723', 'xref_name': 'RNA binding', 'xref_src_db': 'GoFunction'}, {'xref_id': 'GO:0005096', 'xref_name': 'GTPase activator activity', 'xref_src_db': 'GoFunction'}, {'xref_id': 'GO:0005515', 'xref_name': 'protein binding', 'xref_src_db': 'GoFunction'}, {'xref_id': 'GO:0019899', 'xref_name': 'enzyme binding', 'xref_src_db': 'GoFunction'}, {'xref_id': 'GO:0031625', 'xref_name': 'ubiquitin protein ligase binding', 'xref_src_db': 'GoFunction'}, {'xref_id': 'GO:0035497', 'xref_name': 'cAMP response element binding', 'xref_src_db': 'GoFunction'}, {'xref_id': 'GO:0042802', 'xref_name': 'identical protein binding', 'xref_src_db': 'GoFunction'}, {'xref_id': 'GO:0044389', 'xref_name': 'ubiquitin-like protein ligase binding', 'xref_src_db': 'GoFunction'}, {'xref_id': 'GO:0061629', 'xref_name': 'RNA polymerase II-specific DNA-binding transcription factor binding', 'xref_src_db': 'GoFunction'}, {'xref_id': 'GO:0070412', 'xref_name': 'R-SMAD binding', 'xref_src_db': 'GoFunction'}, {'xref_id': 'GO:0140296', 'xref_name': 'general transcription initiation factor binding', 'xref_src_db': 'GoFunction'}, {'xref_id': 'GO:1990837', 'xref_name': 'sequence-specific double-stranded DNA binding', 'xref_src_db': 'GoFunction'}, {'xref_id': 'GO:0000122', 'xref_name': 'negative regulation of transcription by RNA polymerase II', 'xref_src_db': 'GoProcess'}, {'xref_id': 'GO:0006355', 'xref_name': 'regulation of DNA-templated transcription', 'xref_src_db': 'GoProcess'}, {'xref_id': 'GO:0006357', 'xref_name': 'regulation of transcription by RNA polymerase II', 'xref_src_db': 'GoProcess'}, {'xref_id': 'GO:0007179', 'xref_name': 'transforming growth factor beta receptor signaling pathway', 'xref_src_db': 'GoProcess'}, {'xref_id': 'GO:0019046', 'xref_name': 'release from viral latency', 'xref_src_db': 'GoProcess'}, {'xref_id': 'GO:0034614', 'xref_name': 'cellular response to reactive oxygen species', 'xref_src_db': 'GoProcess'}, {'xref_id': 'GO:0034976', 'xref_name': 'response to endoplasmic reticulum stress', 'xref_src_db': 'GoProcess'}, {'xref_id': 'GO:0042127', 'xref_name': 'regulation of cell population proliferation', 'xref_src_db': 'GoProcess'}, {'xref_id': 'GO:0043065', 'xref_name': 'positive regulation of apoptotic process', 'xref_src_db': 'GoProcess'}, {'xref_id': 'GO:0043392', 'xref_name': 'negative regulation of DNA binding', 'xref_src_db': 'GoProcess'}, {'xref_id': 'GO:0043922', 'xref_name': 'negative regulation by host of viral transcription', 'xref_src_db': 'GoProcess'}, {'xref_id': 'GO:0043923', 'xref_name': 'positive regulation by host of viral transcription', 'xref_src_db': 'GoProcess'}, {'xref_id': 'GO:0045892', 'xref_name': 'negative regulation of DNA-templated transcription', 'xref_src_db': 'GoProcess'}, {'xref_id': 'GO:0045893', 'xref_name': 'positive regulation of DNA-templated transcription', 'xref_src_db': 'GoProcess'}, {'xref_id': 'GO:0045944', 'xref_name': 'positive regulation of transcription by RNA polymerase II', 'xref_src_db': 'GoProcess'}, {'xref_id': 'GO:0051726', 'xref_name': 'regulation of cell cycle', 'xref_src_db': 'GoProcess'}, {'xref_id': 'GO:0060395', 'xref_name': 'SMAD protein signal transduction', 'xref_src_db': 'GoProcess'}, {'xref_id': 'GO:0071276', 'xref_name': 'cellular response to cadmium ion', 'xref_src_db': 'GoProcess'}, {'xref_id': 'GO:0140467', 'xref_name': 'integrated stress response signaling', 'xref_src_db': 'GoProcess'}, {'xref_id': 'GO:1902895', 'xref_name': 'positive regulation of miRNA transcription', 'xref_src_db': 'GoProcess'}, {'xref_id': 'GO:1904707', 'xref_name': 'positive regulation of vascular associated smooth muscle cell proliferation', 'xref_src_db': 'GoProcess'}, {'xref_id': 'GO:2000144', 'xref_name': 'positive regulation of DNA-templated transcription initiation', 'xref_src_db': 'GoProcess'}, {'xref_id': 'P05412', 'xref_name': None, 'xref_src_db': 'IntAct'}, {'xref_id': 'IPR002112', 'xref_name': 'Leuzip_Jun.', 'xref_src_db': 'InterPro'}, {'xref_id': 'IPR004827', 'xref_name': 'bZIP.', 'xref_src_db': 'InterPro'}, {'xref_id': 'IPR005643', 'xref_name': 'JNK.', 'xref_src_db': 'InterPro'}, {'xref_id': 'IPR008917', 'xref_name': 'TF_DNA-bd_sf.', 'xref_src_db': 'InterPro'}, {'xref_id': 'IPR046347', 'xref_name': 'bZIP_sf.', 'xref_src_db': 'InterPro'}, {'xref_id': '1A02', 'xref_name': 'A', 'xref_src_db': 'PDBe'}, {'xref_id': '1FOS', 'xref_name': 'A', 'xref_src_db': 'PDBe'}, {'xref_id': '1JNM', 'xref_name': 'A', 'xref_src_db': 'PDBe'}, {'xref_id': '1S9K', 'xref_name': 'A', 'xref_src_db': 'PDBe'}, {'xref_id': '1T2K', 'xref_name': 'A', 'xref_src_db': 'PDBe'}, {'xref_id': '5FV8', 'xref_name': 'A', 'xref_src_db': 'PDBe'}, {'xref_id': '5T01', 'xref_name': 'A', 'xref_src_db': 'PDBe'}, {'xref_id': '6Y3V', 'xref_name': 'A', 'xref_src_db': 'PDBe'}, {'xref_id': 'PF00170', 'xref_name': 'bZIP_1', 'xref_src_db': 'Pfam'}, {'xref_id': 'PF03957', 'xref_name': 'Jun', 'xref_src_db': 'Pfam'}, {'xref_id': 'PA30006', 'xref_name': 'jun oncogene', 'xref_src_db': 'PharmGKB'}, {'xref_id': 'P05412', 'xref_name': 'Tchem', 'xref_src_db': 'Pharos'}, {'xref_id': 'R-HSA-1912408', 'xref_name': 'Pre-NOTCH Transcription and Translation.', 'xref_src_db': 'Reactome'}, {'xref_id': 'R-HSA-2559580', 'xref_name': 'Oxidative Stress Induced Senescence.', 'xref_src_db': 'Reactome'}, {'xref_id': 'R-HSA-2559582', 'xref_name': 'Senescence-Associated Secretory Phenotype (SASP).', 'xref_src_db': 'Reactome'}, {'xref_id': 'R-HSA-2871796', 'xref_name': 'FCERI mediated MAPK activation.', 'xref_src_db': 'Reactome'}, {'xref_id': 'R-HSA-450341', 'xref_name': 'Activation of the AP-1 family of transcription factors.', 'xref_src_db': 'Reactome'}, {'xref_id': 'R-HSA-5617472', 'xref_name': 'Activation of anterior HOX genes in hindbrain development during early embryogenesis.', 'xref_src_db': 'Reactome'}, {'xref_id': 'R-HSA-5687128', 'xref_name': 'MAPK6/MAPK4 signaling.', 'xref_src_db': 'Reactome'}, {'xref_id': 'R-HSA-6796648', 'xref_name': 'TP53 Regulates Transcription of DNA Repair Genes.', 'xref_src_db': 'Reactome'}, {'xref_id': 'R-HSA-8862803', 'xref_name': ""Deregulated CDK5 triggers multiple neurodegenerative pathways in Alzheimer's disease models."", 'xref_src_db': 'Reactome'}, {'xref_id': 'R-HSA-8943724', 'xref_name': 'Regulation of PTEN gene transcription.', 'xref_src_db': 'Reactome'}, {'xref_id': 'R-HSA-9018519', 'xref_name': 'Estrogen-dependent gene expression.', 'xref_src_db': 'Reactome'}, {'xref_id': 'R-HSA-9673324', 'xref_name': 'WNT5:FZD7-mediated leishmania damping.', 'xref_src_db': 'Reactome'}, {'xref_id': 'P05412', 'xref_name': None, 'xref_src_db': 'UniProt'}, {'xref_id': 'Q6FHM7', 'xref_name': None, 'xref_src_db': 'UniProt'}, {'xref_id': 'Q96G93', 'xref_name': None, 'xref_src_db': 'UniProt'}]}]",SINGLE PROTEIN,9606
13,"[{'xref_id': 'P16591', 'xref_name': None, 'xref_src': 'canSAR-Target'}, {'xref_id': 'FER_(gene)', 'xref_name': None, 'xref_src': 'Wikipedia'}]",Homo sapiens,Tyrosine-protein kinase FER,9.0,False,CHEMBL3982,"[{'accession': 'P16591', 'component_description': 'Tyrosine-protein kinase Fer', 'component_id': 2301, 'component_type': 'PROTEIN', 'relationship': 'SINGLE PROTEIN', 'target_component_synonyms': [{'component_synonym': 'TYK3', 'syn_type': 'GENE_SYMBOL_OTHER'}, {'component_synonym': 'FER', 'syn_type': 'GENE_SYMBOL'}, {'component_synonym': 'Tyrosine-protein kinase Fer', 'syn_type': 'UNIPROT'}, {'component_synonym': 'Feline encephalitis virus-related kinase FER', 'syn_type': 'UNIPROT'}, {'component_synonym': 'Fujinami poultry sarcoma/Feline sarcoma-related protein Fer', 'syn_type': 'UNIPROT'}, {'component_synonym': 'Proto-oncogene c-Fer', 'syn_type': 'UNIPROT'}, {'component_synonym': 'Tyrosine kinase 3', 'syn_type': 'UNIPROT'}, {'component_synonym': 'p94-Fer', 'syn_type': 'UNIPROT'}, {'component_synonym': '2.7.10.2', 'syn_type': 'EC_NUMBER'}], 'target_component_xrefs': [{'xref_id': 'P16591', 'xref_name': None, 'xref_src_db': 'ExpressionAtlas'}, {'xref_id': 'GO:0000785', 'xref_name': 'chromatin', 'xref_src_db': 'GoComponent'}, {'xref_id': 'GO:0005634', 'xref_name': 'nucleus', 'xref_src_db': 'GoComponent'}, {'xref_id': 'GO:0005737', 'xref_name': 'cytoplasm', 'xref_src_db': 'GoComponent'}, {'xref_id': 'GO:0005829', 'xref_name': 'cytosol', 'xref_src_db': 'GoComponent'}, {'xref_id': 'GO:0005856', 'xref_name': 'cytoskeleton', 'xref_src_db': 'GoComponent'}, {'xref_id': 'GO:0005886', 'xref_name': 'plasma membrane', 'xref_src_db': 'GoComponent'}, {'xref_id': 'GO:0005912', 'xref_name': 'adherens junction', 'xref_src_db': 'GoComponent'}, {'xref_id': 'GO:0005938', 'xref_name': 'cell cortex', 'xref_src_db': 'GoComponent'}, {'xref_id': 'GO:0009898', 'xref_name': 'cytoplasmic side of plasma membrane', 'xref_src_db': 'GoComponent'}, {'xref_id': 'GO:0015629', 'xref_name': 'actin cytoskeleton', 'xref_src_db': 'GoComponent'}, {'xref_id': 'GO:0015630', 'xref_name': 'microtubule cytoskeleton', 'xref_src_db': 'GoComponent'}, {'xref_id': 'GO:0016020', 'xref_name': 'membrane', 'xref_src_db': 'GoComponent'}, {'xref_id': 'GO:0030027', 'xref_name': 'lamellipodium', 'xref_src_db': 'GoComponent'}, {'xref_id': 'GO:0030054', 'xref_name': 'cell junction', 'xref_src_db': 'GoComponent'}, {'xref_id': 'GO:0032991', 'xref_name': 'protein-containing complex', 'xref_src_db': 'GoComponent'}, {'xref_id': 'GO:0042995', 'xref_name': 'cell projection', 'xref_src_db': 'GoComponent'}, {'xref_id': 'GO:0070161', 'xref_name': 'anchoring junction', 'xref_src_db': 'GoComponent'}, {'xref_id': 'GO:0000166', 'xref_name': 'nucleotide binding', 'xref_src_db': 'GoFunction'}, {'xref_id': 'GO:0004672', 'xref_name': 'protein kinase activity', 'xref_src_db': 'GoFunction'}, {'xref_id': 'GO:0004713', 'xref_name': 'protein tyrosine kinase activity', 'xref_src_db': 'GoFunction'}, {'xref_id': 'GO:0004715', 'xref_name': 'non-membrane spanning protein tyrosine kinase activity', 'xref_src_db': 'GoFunction'}, {'xref_id': 'GO:0005154', 'xref_name': 'epidermal growth factor receptor binding', 'xref_src_db': 'GoFunction'}, {'xref_id': 'GO:0005515', 'xref_name': 'protein binding', 'xref_src_db': 'GoFunction'}, {'xref_id': 'GO:0005524', 'xref_name': 'ATP binding', 'xref_src_db': 'GoFunction'}, {'xref_id': 'GO:0008157', 'xref_name': 'protein phosphatase 1 binding', 'xref_src_db': 'GoFunction'}, {'xref_id': 'GO:0008289', 'xref_name': 'lipid binding', 'xref_src_db': 'GoFunction'}, {'xref_id': 'GO:0016301', 'xref_name': 'kinase activity', 'xref_src_db': 'GoFunction'}, {'xref_id': 'GO:0016740', 'xref_name': 'transferase activity', 'xref_src_db': 'GoFunction'}, {'xref_id': 'GO:0000226', 'xref_name': 'microtubule cytoskeleton organization', 'xref_src_db': 'GoProcess'}, {'xref_id': 'GO:0001932', 'xref_name': 'regulation of protein phosphorylation', 'xref_src_db': 'GoProcess'}, {'xref_id': 'GO:0006468', 'xref_name': 'protein phosphorylation', 'xref_src_db': 'GoProcess'}, {'xref_id': 'GO:0006935', 'xref_name': 'chemotaxis', 'xref_src_db': 'GoProcess'}, {'xref_id': 'GO:0007155', 'xref_name': 'cell adhesion', 'xref_src_db': 'GoProcess'}, {'xref_id': 'GO:0007165', 'xref_name': 'signal transduction', 'xref_src_db': 'GoProcess'}, {'xref_id': 'GO:0007260', 'xref_name': 'tyrosine phosphorylation of STAT protein', 'xref_src_db': 'GoProcess'}, {'xref_id': 'GO:0007281', 'xref_name': 'germ cell development', 'xref_src_db': 'GoProcess'}, {'xref_id': 'GO:0008284', 'xref_name': 'positive regulation of cell population proliferation', 'xref_src_db': 'GoProcess'}, {'xref_id': 'GO:0008286', 'xref_name': 'insulin receptor signaling pathway', 'xref_src_db': 'GoProcess'}, {'xref_id': 'GO:0008584', 'xref_name': 'male gonad development', 'xref_src_db': 'GoProcess'}, {'xref_id': 'GO:0010591', 'xref_name': 'regulation of lamellipodium assembly', 'xref_src_db': 'GoProcess'}, {'xref_id': 'GO:0010762', 'xref_name': 'regulation of fibroblast migration', 'xref_src_db': 'GoProcess'}, {'xref_id': 'GO:0016310', 'xref_name': 'phosphorylation', 'xref_src_db': 'GoProcess'}, {'xref_id': 'GO:0018108', 'xref_name': 'peptidyl-tyrosine phosphorylation', 'xref_src_db': 'GoProcess'}, {'xref_id': 'GO:0019221', 'xref_name': 'cytokine-mediated signaling pathway', 'xref_src_db': 'GoProcess'}, {'xref_id': 'GO:0030036', 'xref_name': 'actin cytoskeleton organization', 'xref_src_db': 'GoProcess'}, {'xref_id': 'GO:0030335', 'xref_name': 'positive regulation of cell migration', 'xref_src_db': 'GoProcess'}, {'xref_id': 'GO:0030838', 'xref_name': 'positive regulation of actin filament polymerization', 'xref_src_db': 'GoProcess'}, {'xref_id': 'GO:0032496', 'xref_name': 'response to lipopolysaccharide', 'xref_src_db': 'GoProcess'}, {'xref_id': 'GO:0033007', 'xref_name': 'negative regulation of mast cell activation involved in immune response', 'xref_src_db': 'GoProcess'}, {'xref_id': 'GO:0034333', 'xref_name': 'adherens junction assembly', 'xref_src_db': 'GoProcess'}, {'xref_id': 'GO:0034446', 'xref_name': 'substrate adhesion-dependent cell spreading', 'xref_src_db': 'GoProcess'}, {'xref_id': 'GO:0034614', 'xref_name': 'cellular response to reactive oxygen species', 'xref_src_db': 'GoProcess'}, {'xref_id': 'GO:0035426', 'xref_name': 'extracellular matrix-cell signaling', 'xref_src_db': 'GoProcess'}, {'xref_id': 'GO:0035556', 'xref_name': 'intracellular signal transduction', 'xref_src_db': 'GoProcess'}, {'xref_id': 'GO:0036006', 'xref_name': 'cellular response to macrophage colony-stimulating factor stimulus', 'xref_src_db': 'GoProcess'}, {'xref_id': 'GO:0036119', 'xref_name': 'response to platelet-derived growth factor', 'xref_src_db': 'GoProcess'}, {'xref_id': 'GO:0038095', 'xref_name': 'Fc-epsilon receptor signaling pathway', 'xref_src_db': 'GoProcess'}, {'xref_id': 'GO:0038109', 'xref_name': 'Kit signaling pathway', 'xref_src_db': 'GoProcess'}, {'xref_id': 'GO:0042058', 'xref_name': 'regulation of epidermal growth factor receptor signaling pathway', 'xref_src_db': 'GoProcess'}, {'xref_id': 'GO:0043304', 'xref_name': 'regulation of mast cell degranulation', 'xref_src_db': 'GoProcess'}, {'xref_id': 'GO:0044331', 'xref_name': 'cell-cell adhesion mediated by cadherin', 'xref_src_db': 'GoProcess'}, {'xref_id': 'GO:0046777', 'xref_name': 'protein autophosphorylation', 'xref_src_db': 'GoProcess'}, {'xref_id': 'GO:0048008', 'xref_name': 'platelet-derived growth factor receptor signaling pathway', 'xref_src_db': 'GoProcess'}, {'xref_id': 'GO:0050904', 'xref_name': 'diapedesis', 'xref_src_db': 'GoProcess'}, {'xref_id': 'GO:0051092', 'xref_name': 'positive regulation of NF-kappaB transcription factor activity', 'xref_src_db': 'GoProcess'}, {'xref_id': 'GO:0051897', 'xref_name': 'positive regulation of phosphatidylinositol 3-kinase/protein kinase B signal transduction', 'xref_src_db': 'GoProcess'}, {'xref_id': 'GO:0060009', 'xref_name': 'Sertoli cell development', 'xref_src_db': 'GoProcess'}, {'xref_id': 'GO:0070102', 'xref_name': 'interleukin-6-mediated signaling pathway', 'xref_src_db': 'GoProcess'}, {'xref_id': 'GO:0072520', 'xref_name': 'seminiferous tubule development', 'xref_src_db': 'GoProcess'}, {'xref_id': 'GO:0120179', 'xref_name': 'adherens junction disassembly', 'xref_src_db': 'GoProcess'}, {'xref_id': '2022', 'xref_name': None, 'xref_src_db': 'GuideToPHARMACOLOGY'}, {'xref_id': 'P16591', 'xref_name': None, 'xref_src_db': 'IntAct'}, {'xref_id': 'IPR000719', 'xref_name': 'Prot_kinase_dom.', 'xref_src_db': 'InterPro'}, {'xref_id': 'IPR000980', 'xref_name': 'SH2.', 'xref_src_db': 'InterPro'}, {'xref_id': 'IPR001060', 'xref_name': 'FCH_dom.', 'xref_src_db': 'InterPro'}, {'xref_id': 'IPR001245', 'xref_name': 'Ser-Thr/Tyr_kinase_cat_dom.', 'xref_src_db': 'InterPro'}, {'xref_id': 'IPR008266', 'xref_name': 'Tyr_kinase_AS.', 'xref_src_db': 'InterPro'}, {'xref_id': 'IPR011009', 'xref_name': 'Kinase-like_dom_sf.', 'xref_src_db': 'InterPro'}, {'xref_id': 'IPR016250', 'xref_name': 'Tyr-prot_kinase_Fes/Fps.', 'xref_src_db': 'InterPro'}, {'xref_id': 'IPR017441', 'xref_name': 'Protein_kinase_ATP_BS.', 'xref_src_db': 'InterPro'}, {'xref_id': 'IPR020635', 'xref_name': 'Tyr_kinase_cat_dom.', 'xref_src_db': 'InterPro'}, {'xref_id': 'IPR027267', 'xref_name': 'AH/BAR_dom_sf.', 'xref_src_db': 'InterPro'}, {'xref_id': 'IPR031160', 'xref_name': 'F_BAR.', 'xref_src_db': 'InterPro'}, {'xref_id': 'IPR035849', 'xref_name': 'Fes/Fps/Fer_SH2.', 'xref_src_db': 'InterPro'}, {'xref_id': 'IPR036860', 'xref_name': 'SH2_dom_sf.', 'xref_src_db': 'InterPro'}, {'xref_id': 'IPR037452', 'xref_name': 'Fer_F-BAR.', 'xref_src_db': 'InterPro'}, {'xref_id': '6KC4', 'xref_name': 'A', 'xref_src_db': 'PDBe'}, {'xref_id': 'PF00017', 'xref_name': 'SH2', 'xref_src_db': 'Pfam'}, {'xref_id': 'PF00611', 'xref_name': 'FCH', 'xref_src_db': 'Pfam'}, {'xref_id': 'PF07714', 'xref_name': 'PK_Tyr_Ser-Thr', 'xref_src_db': 'Pfam'}, {'xref_id': 'PA28095', 'xref_name': 'fer (fps/fes related) tyrosine kinase', 'xref_src_db': 'PharmGKB'}, {'xref_id': 'P16591', 'xref_name': 'Tchem', 'xref_src_db': 'Pharos'}, {'xref_id': 'R-HSA-1433557', 'xref_name': 'Signaling by SCF-KIT.', 'xref_src_db': 'Reactome'}, {'xref_id': 'B2RCR4', 'xref_name': None, 'xref_src_db': 'UniProt'}, {'xref_id': 'B4DSQ2', 'xref_name': None, 'xref_src_db': 'UniProt'}, {'xref_id': 'H2FLB8', 'xref_name': None, 'xref_src_db': 'UniProt'}, {'xref_id': 'P16591', 'xref_name': None, 'xref_src_db': 'UniProt'}]}]",SINGLE PROTEIN,9606
14,[],Monkeypox virus,Monkeypox virus,9.0,False,CHEMBL613120,[],ORGANISM,10244
15,[],Mammarenavirus tacaribeense,Tacaribe virus,9.0,False,CHEMBL613131,[],ORGANISM,3052328
16,[],Cowpox virus,Cowpox virus,9.0,False,CHEMBL612672,[],ORGANISM,10243
17,[],Vaccinia virus,Vaccinia virus,9.0,False,CHEMBL613493,[],ORGANISM,10245
18,[],Variola virus,Variola virus,9.0,False,CHEMBL613494,[],ORGANISM,10255
19,[],Encephalomyocarditis virus,Encephalomyocarditis virus,9.0,False,CHEMBL613558,[],ORGANISM,12104
